f_070001,嘉实成长收益混合A,1.3446,4.5393,1.3544,2018-04-04
f_001061,华夏海外收益债券A(QDII),1.18,1.344,1.182,2018-04-03
f_162411,华宝标普油气上游股票(QDII-LOF),0.541,0.541,0.532,2018-04-03
f_100032,富国中证红利指数增强,1.107,2.704,1.108,2018-04-04
f_373010,上投摩根双息平衡混合A,0.8554,2.9486,0.8609,2018-04-04
f_000216,华安黄金易(ETF联接)A,1.0063,1.0063,1.0075,2018-04-04
f_000478,建信中证500指数增强A,2.2844,2.2844,2.301,2018-04-04
f_000961,天弘沪深300指数,1.1278,1.1278,1.1299,2018-04-04
f_000962,天弘中证500指数,0.9847,0.9847,0.9911,2018-04-04
f_000968,广发养老指数A,1.0882,1.0882,1.0913,2018-04-04
f_001052,华夏中证500ETF联接,0.643,0.643,0.647,2018-04-04
f_001064,广发环保指数A,0.7146,0.7146,0.7204,2018-04-04
f_001180,广发医药卫生联接A,0.898,0.898,0.8999,2018-04-04
f_002974,广发信息技术联接C,1.0404,1.0404,1.0609,2018-04-04
f_002979,广发金融地产联接C,0.985,0.985,0.9884,2018-04-04
f_002982,广发养老指数C,1.082,1.082,1.085,2018-04-04
f_002984,广发环保指数C,0.7109,0.7109,0.7166,2018-04-04
f_003376,广发中债7-10年国开债指数A,0.957,0.957,0.9548,2018-04-04
f_003765,广发创业板ETF联接A,1.0203,1.0203,1.038,2018-04-04
f_004752,广发中证传媒ETF联接A,0.9522,0.9522,0.9631,2018-04-04
f_004753,广发中证传媒ETF联接C,0.9529,0.9529,0.9638,2018-04-04
f_050027,博时信用债纯债债券A,1.056,1.366,1.055,2018-04-04
f_150103,银河银泰混合,1.0881,4.2181,1.0938,2018-04-04
f_151001,银河稳健混合,1.4418,4.5238,1.4452,2018-04-04
f_270048,广发纯债债券A,1.191,1.339,1.19,2018-04-04
f_502010,易方达证券公司分级,0.9947,0.6373,1.0042,2018-04-04
